
--PASAZER--
INSERT INTO Pasazer VALUES 	('87145208164','Astra','Palmer','+1 55 466 5489-5907','Niger','P.O. Box 784, 4171 Nisi St.','dolor.elit.pellentesque@tinciduntduiaugue.edu');
INSERT INTO Pasazer VALUES 	('88089654348','Evelyn','Cohen','+1 96 361 8975-5145','Saint Kitts and Nevis','138-4372 Ut Rd.','at.augue@Aliquam.edu');
INSERT INTO Pasazer VALUES 	('87264859646','Odette','Roman','+1 78 188 7148-9465','United States','629-3633 Sagittis Avenue','scelerisque.mollis.Phasellus@Integerin.org');
INSERT INTO Pasazer VALUES 	('76350926578','Maisie','Mays','+1 72 359 2679-3942','Turks and Caicos Islands','812-7187 Senectus Av.','lorem.luctus@venenatis.edu');
INSERT INTO Pasazer VALUES 	('67509571650','Chava','Mueller','+1 97 354 5803-0610','Virgin Islands, U.S.','P.O. Box 121, 2854 Non, Road','felis@fringilla.ca');
INSERT INTO Pasazer VALUES 	('97082257927','Bianca','Osborn','+1 54 824 6491-9713','Somalia','7783 Fringilla Rd.','lorem.luctus@loremfringillaornare.org');
INSERT INTO Pasazer VALUES 	('73092763891','Carolyn','Mcintosh','+1 80 997 5466-8218','Holy See (Vatican City State)','Ap #506-4336 Erat. Rd.','feugiat.Lorem@dolor.org');
INSERT INTO Pasazer VALUES 	('98461241940','Blossom','Fitzpatrick','+1 11 560 5502-0496','Ethiopia','P.O. Box 594, 9423 Molestie Av.','arcu.Vivamus.sit@tempordiam.com');
INSERT INTO Pasazer VALUES 	('75395836198','Iliana','Marquez','+1 18 729 8758-2085','Bangladesh','5848 Porttitor Road','tellus.faucibus@elementumsemvitae.org');
INSERT INTO Pasazer VALUES 	('31423196280','Dominique','Walsh','+1 56 382 3796-6731','New Caledonia','Ap #241-3336 Phasellus Street','magna.Ut.tincidunt@Nam.edu');
INSERT INTO Pasazer VALUES 	('30422188551','Ann','Goff','+1 34 619 3485-8644','Ethiopia','855-4355 Euismod Av.','Nullam.velit.dui@lobortisaugue.edu');
INSERT INTO Pasazer VALUES 	('44012151112','Camilla','Lindsey','+1 48 670 1329-5781','Mauritania','7136 Risus Rd.','lacinia.mattis.Integer@lacinia.edu');
INSERT INTO Pasazer VALUES 	('94102859789','Yoshi','Santos','+1 91 906 4920-0242','Ethiopia','P.O. Box 233, 5508 At Avenue','vel.pede@necmollis.org');
INSERT INTO Pasazer VALUES 	('31282990032','Jamalia','Church','+1 63 232 3339-7328','French Southern Territories','Ap #803-2992 Et, Street','adipiscing.enim@sitamet.com');
INSERT INTO Pasazer VALUES 	('22706233128','McKenzie','Neal','+1 79 185 4097-3302','Bolivia','7097 Eu Rd.','pellentesque.eget.dictum@Sed.org');
INSERT INTO Pasazer VALUES 	('83121848270','Melanie','Wong','+1 90 257 8587-0270','Ukraine','P.O. Box 452, 5058 Dolor. Road','nunc.sit@pellentesqueSed.ca');
INSERT INTO Pasazer VALUES 	('51052148361','Iliana','Mercado','+1 32 321 3460-2280','French Southern Territories','125-9718 Egestas. Av.','dolor.quam.elementum@molestieSed.com');
INSERT INTO Pasazer VALUES 	('36011993347','Paloma','Maddox','+1 14 977 2992-3393','Panama','Ap #511-3391 Enim. Street','Pellentesque.ut@nisidictum.org');
INSERT INTO Pasazer VALUES 	('65092716387','Ursa','Sellers','+1 81 642 1397-4977','Cuba','Ap #817-8066 Proin Rd.','Sed.eu.nibh@leo.edu');
INSERT INTO Pasazer VALUES 	('17020118770','Kim','Nolan','+1 69 647 7019-0597','Virgin Islands, U.S.','Ap #162-6303 Senectus Rd.','neque.venenatis@vulputateeu.com');
INSERT INTO Pasazer VALUES 	('43011553666','Jeanette','Meyer','+1 15 271 1368-0790','Saint Pierre and Miquelon','Ap #499-8498 Sed St.','vitae@massalobortisultrices.org');
INSERT INTO Pasazer VALUES 	('24042593546','Brielle','Owens','+1 10 261 6888-8246','Gambia','940-973 Id Rd.','In.ornare@doloregestas.org');
INSERT INTO Pasazer VALUES 	('63020612240','Cassady','Douglas','+1 27 497 4045-6244','Belize','Ap #133-1600 Nulla. Avenue','massa.Mauris@purus.ca');
INSERT INTO Pasazer VALUES 	('50070476762','Zenaida','Bender','+1 26 238 9777-1817','Lesotho','5041 Lectus, Street','elit.pharetra.ut@sapien.edu');
INSERT INTO Pasazer VALUES 	('32213822278','Jessamine','Cook','+1 12 703 9752-6403','Cook Islands','995-6952 Lacus. St.','risus.quis.diam@Pellentesquetincidunttempus.edu');
INSERT INTO Pasazer VALUES 	('72517568878','Kitra','Duke','+1 71 792 9722-6089','New Caledonia','P.O. Box 577, 1566 Gravida Avenue','amet@gravida.org');
INSERT INTO Pasazer VALUES 	('81010923255','Madison','Webster','+1 62 589 6598-5618','Fiji','P.O. Box 779, 226 Feugiat Ave','a@faucibusMorbi.edu');
INSERT INTO Pasazer VALUES 	('50318049227','Jada','Vinson','+1 28 504 7537-1970','Macao','694-2455 Mauris St.','cursus@Nullamutnisi.ca');
INSERT INTO Pasazer VALUES 	('38091192878','Marcia','Duffy','+1 80 771 5229-0827','Yemen','7642 Lorem, Rd.','non.egestas.a@blandit.com');
INSERT INTO Pasazer VALUES 	('47042201934','Hope','Gill','+1 33 286 9926-1783','Portugal','P.O. Box 677, 2107 Cursus St.','fringilla@Etiam.ca');
INSERT INTO Pasazer VALUES 	('50020267907','Caryn','Kelley','+1 63 896 2158-9406','Mongolia','5779 Blandit. Rd.','Phasellus@pharetrased.com');
INSERT INTO Pasazer VALUES 	('34051431632','Avye','Mcgee','+1 80 905 5345-9664','Jordan','Ap #323-5435 Sociis Avenue','lacinia.orci@risusodio.edu');
INSERT INTO Pasazer VALUES 	('59050341298','Leigh','Woodard','+1 24 172 2636-1617','Pakistan','P.O. Box 264, 9912 Congue. Road','condimentum@tempus.edu');
INSERT INTO Pasazer VALUES 	('32529466508','Cheyenne','Bradley','+1 98 690 1073-1368','Lebanon','P.O. Box 992, 7049 Donec Avenue','at.sem@velnislQuisque.com');
INSERT INTO Pasazer VALUES 	('62090286704','Rachel','Webb','+1 77 286 1460-5678','Somalia','Ap #618-8292 Quisque Rd.','semper.tellus@odiotristiquepharetra.com');
INSERT INTO Pasazer VALUES 	('87031367115','Dara','Sawyer','+1 38 625 3339-3854','Heard Island and Mcdonald Islands','152-3135 Nec, St.','ipsum.primis.in@ligulaeuenim.com');
INSERT INTO Pasazer VALUES 	('97082023692','Isabelle','Pace','+1 93 976 7383-6266','Niue','P.O. Box 924, 4460 Eu St.','Maecenas@urnaconvallis.ca');
INSERT INTO Pasazer VALUES 	('25071503960','Kelsie','Larson','+1 61 920 3289-9282','Suriname','805-4654 Diam Avenue','adipiscing.enim@interdumenim.edu');
INSERT INTO Pasazer VALUES 	('68082433150','Lunea','Santiago','+1 58 303 5965-2842','Spain','P.O. Box 509, 2695 Ante St.','nisi@sed.org');
INSERT INTO Pasazer VALUES 	('54120275749','Shana','Montoya','+1 23 298 1284-7712','Austria','834-3186 Sit Ave','commodo.at@DonecestNunc.ca');
INSERT INTO Pasazer VALUES 	('20114611172','Petra','Guerrero','+1 26 288 6074-0035','Rwanda','P.O. Box 270, 6217 Nam Rd.','rutrum.urna.nec@Fuscedolor.ca');
INSERT INTO Pasazer VALUES 	('50040567887','Robin','Mills','+1 34 466 1858-4658','Portugal','P.O. Box 403, 3499 Ac St.','diam.Sed.diam@sagittisfelis.edu');
INSERT INTO Pasazer VALUES 	('87121828265','Uta','Cabrera','+1 92 954 4901-0868','French Polynesia','P.O. Box 979, 553 Sociosqu Rd.','eget.lacus@acmetus.edu');
INSERT INTO Pasazer VALUES 	('18080469190','Evangeline','Mays','+1 83 592 7982-3834','South Africa','Ap #573-3278 Lacus. St.','arcu@Maecenas.edu');
INSERT INTO Pasazer VALUES 	('47111745424','Lavinia','Snider','+1 62 211 4616-4056','Georgia','Ap #268-2165 Auctor Avenue','malesuada.vel.convallis@magnaSedeu.ca');
INSERT INTO Pasazer VALUES 	('40061404522','Ivory','Castillo','+1 69 745 1571-9326','Spain','Ap #629-6058 Nostra, Street','Cum.sociis@lobortisnisinibh.edu');
INSERT INTO Pasazer VALUES 	('10271773806','Jeanette','Dickson','+1 68 674 6581-5486','Hong Kong','P.O. Box 154, 1931 Et Avenue','et@semutdolor.edu');
INSERT INTO Pasazer VALUES 	('95021233690','Nora','Reeves','+1 23 240 1175-6338','South Georgia and The South Sandwich Islands','278-8833 Integer Rd.','Duis.ac@euenimEtiam.org');
INSERT INTO Pasazer VALUES 	('25111037774','Hiroko','Landry','+1 64 336 6515-5231','Uzbekistan','5186 Neque Rd.','massa@lorem.com');
INSERT INTO Pasazer VALUES 	('23080734573','Remedios','Drake','+1 93 738 3816-5716','Finland','Ap #863-8683 Donec Avenue','lorem.ac@lectuspede.org');
INSERT INTO Pasazer VALUES 	('81051390124','Sydney','Chandler','+1 42 962 3362-7433','Zambia','Ap #415-2235 Aliquam Rd.','tincidunt.vehicula@pellentesque.com');
INSERT INTO Pasazer VALUES 	('64100553206','April','Flores','+1 11 225 5117-5547','Dominican Republic','Ap #910-1386 Curabitur St.','justo@adipiscingMauris.edu');
INSERT INTO Pasazer VALUES 	('47042520428','Hedda','Lara','+1 97 628 7302-8236','Sao Tome and Principe','Ap #263-9820 Maecenas St.','Phasellus.fermentum@orciUtsemper.ca');
INSERT INTO Pasazer VALUES 	('19042696238','Chloe','Byrd','+1 57 506 3680-3215','Bolivia','2159 Diam Avenue','Sed.pharetra.felis@nonummyipsumnon.ca');
INSERT INTO Pasazer VALUES 	('95062505598','Simone','Oneill','+1 97 218 6836-5533','Norfolk Island','2762 Et Rd.','torquent.per.conubia@dictum.com');
INSERT INTO Pasazer VALUES 	('11230498015','Echo','Cochran','+1 30 517 5886-6559','Comoros','Ap #452-2032 Augue Rd.','libero@purus.org');
INSERT INTO Pasazer VALUES 	('88091140692','Ora','Blanchard','+1 78 391 4421-8005','Saint Kitts and Nevis','Ap #755-1402 Nisl. St.','Sed@accumsanconvallis.com');
INSERT INTO Pasazer VALUES 	('72073148916','Karyn','Wallace','+1 27 625 5546-9890','Saudi Arabia','807-6284 Semper St.','amet.dapibus@arcuSed.ca');
INSERT INTO Pasazer VALUES 	('23061360430','Angela','Dillard','+1 15 706 5680-2458','Haiti','260-8828 Tincidunt, Av.','rutrum.urna@CurabiturdictumPhasellus.ca');
INSERT INTO Pasazer VALUES 	('33020477471','Lana','Hobbs','+1 91 522 1927-4854','Bermuda','4156 Vehicula Avenue','eu.tempor@eleifendnondapibus.org');
INSERT INTO Pasazer VALUES 	('40012585504','Amanda','Harrington','+1 69 613 5387-5867','Mayotte','P.O. Box 586, 7544 Nam Rd.','et@acfacilisisfacilisis.ca');
INSERT INTO Pasazer VALUES 	('81042426605','Kaitlin','Herrera','+1 39 575 4277-8055','Mauritius','106-2954 Felis St.','sodales.Mauris.blandit@ipsumprimisin.com');
INSERT INTO Pasazer VALUES 	('13312631390','Kalia','Weiss','+1 20 463 4008-4352','Chad','Ap #256-2357 Ante Av.','nec.luctus.felis@facilisi.com');
INSERT INTO Pasazer VALUES 	('87042102378','Amela','Cooke','+1 73 775 7111-4223','Reunion','7572 Pretium Avenue','quis.arcu@velitegestas.ca');
INSERT INTO Pasazer VALUES 	('96051556171','Desirae','Clayton','+1 67 669 4050-6318','Kenya','Ap #148-8182 Dignissim St.','et@nislelementumpurus.org');
INSERT INTO Pasazer VALUES 	('98123173185','Kaitlin','Gardner','+1 48 654 3111-4175','Somalia','Ap #611-4300 Aliquam Ave','cubilia.Curae;.Phasellus@Sednulla.com');
INSERT INTO Pasazer VALUES 	('84053019646','Fatima','Jarvis','+1 17 931 8973-2844','Guyana','4903 Amet Street','nec.ante@neque.edu');
INSERT INTO Pasazer VALUES 	('25091677117','Candice','Marsh','+1 46 160 2405-5842','Chad','Ap #269-5503 Metus St.','magna@eulacus.ca');
INSERT INTO Pasazer VALUES 	('16251045374','Ursula','Norman','+1 27 871 4885-9254','Sierra Leone','P.O. Box 636, 7162 Non, Avenue','consequat@Duisami.org');
INSERT INTO Pasazer VALUES 	('73010752889','Ella','Gregory','+1 13 376 1532-0205','Cape Verde','Ap #145-5383 Molestie. St.','Nam.tempor@sed.com');
INSERT INTO Pasazer VALUES 	('12010702906','Darryl','Cochran','+1 95 526 8534-6988','Wallis and Futuna','Ap #271-1184 Urna. Av.','feugiat.tellus@a.com');
INSERT INTO Pasazer VALUES 	('14011687345','Gail','Richard','+1 76 986 5391-1455','Bouvet Island','5003 Nisi. Road','a.nunc@Cras.ca');
INSERT INTO Pasazer VALUES 	('29090275833','Julie','Bonner','+1 89 416 1869-4223','Guinea','9652 Integer Av.','risus.varius.orci@variuset.ca');
INSERT INTO Pasazer VALUES 	('46323079497','Nola','Watts','+1 56 697 4805-5131','Australia','213-7383 Quisque Road','vulputate.lacus@nonante.ca');
INSERT INTO Pasazer VALUES 	('57111337936','Zenia','Rice','+1 18 592 1518-0085','Maldives','Ap #171-7910 Tincidunt Avenue','metus@ornareelitelit.edu');
INSERT INTO Pasazer VALUES 	('75062365518','Josephine','Melton','+1 75 645 4956-0188','Bulgaria','Ap #515-7815 Dictum Ave','sem.molestie.sodales@nibhenimgravida.edu');
INSERT INTO Pasazer VALUES 	('50050779801','Jamalia','Barron','+1 22 580 1446-8415','Lithuania','465-3878 Vel Rd.','id@Morbiaccumsanlaoreet.ca');
INSERT INTO Pasazer VALUES 	('49101714960','Quin','Hahn','+1 39 821 1700-8454','Gabon','5399 Ac Rd.','parturient.montes.nascetur@sitametmassa.org');
INSERT INTO Pasazer VALUES 	('12312203107','Jennifer','Mack','+1 93 666 8640-8588','Niue','P.O. Box 283, 6189 Donec Street','a@semmollis.org');
INSERT INTO Pasazer VALUES 	('48071081652','Neve','Ayala','+1 57 506 8634-4995','San Marino','Ap #242-1784 Nibh Road','placerat.velit.Quisque@fringillaeuismod.org');
INSERT INTO Pasazer VALUES 	('57021528202','Alana','Holder','+1 98 293 8444-2176','Mauritius','P.O. Box 532, 1292 Quis Rd.','nonummy.ipsum@ac.edu');
INSERT INTO Pasazer VALUES 	('5220192634','Basia','Levy','+1 32 572 4817-7621','Solomon Islands','895-6534 Aenean Avenue','nisl@in.org');
INSERT INTO Pasazer VALUES 	('32022549960','Katell','Durham','+1 31 474 6318-7004','Saint Pierre and Miquelon','4721 Bibendum Ave','cursus.et.eros@aultriciesadipiscing.org');
INSERT INTO Pasazer VALUES 	('97092263712','Stephanie','Morrow','+1 34 876 1808-3615','Martinique','Ap #414-3402 Et Rd.','convallis@ipsum.edu');
INSERT INTO Pasazer VALUES 	('84120432219','Moana','Trujillo','+1 66 829 2168-2591','Taiwan, Province of China','236-2138 Facilisis, Street','mauris.erat.eget@lectusjusto.edu');
INSERT INTO Pasazer VALUES 	('99062452195','Leigh','Price','+1 66 453 1360-5773','Armenia','P.O. Box 206, 9130 Pellentesque Street','eu.ultrices@consectetuer.com');
INSERT INTO Pasazer VALUES 	('84122659665','Eliana','Riddle','+1 88 354 1993-0291','Sao Tome and Principe','P.O. Box 811, 1141 Velit Av.','ut.mi@fringilla.com');
INSERT INTO Pasazer VALUES 	('84060604163','Jolene','Church','+1 22 491 3267-3666','Samoa','7431 Et Rd.','Nulla.semper@aliquamerosturpis.ca');
INSERT INTO Pasazer VALUES 	('69100721211','Brooke','Boyd','+1 85 827 1529-6423','Cook Islands','2626 Ac Avenue','nunc.sit.amet@natoquepenatibuset.org');
INSERT INTO Pasazer VALUES 	('13121155100','Irma','Langley','+1 42 953 7119-8240','Christmas Island','432-7637 Morbi Rd.','lacinia@parturientmontes.edu');
INSERT INTO Pasazer VALUES 	('95012206491','Colleen','Pittman','+1 24 268 4537-2491','Georgia','407-6978 Eros Rd.','vulputate.velit.eu@Morbi.ca');
INSERT INTO Pasazer VALUES 	('82102754432','Ignacia','Daugherty','+1 59 420 8376-7305','Micronesia','8149 Est Rd.','malesuada.augue@vestibulum.edu');
INSERT INTO Pasazer VALUES 	('57011028329','Rinah','Castillo','+1 86 629 1132-2269','Tunisia','9403 Egestas, Street','in.consequat.enim@tellusjusto.edu');
INSERT INTO Pasazer VALUES 	('58121059221','Adara','Humphrey','+1 10 682 5587-4887','Cape Verde','874 Dolor. Avenue','mi.pede.nonummy@eratneque.edu');
INSERT INTO Pasazer VALUES 	('56090122667','Evelyn','Maxwell','+1 85 679 7865-1009','South Georgia and The South Sandwich Islands','Ap #379-215 Ridiculus Av.','nec.tellus.Nunc@dolordapibusgravida.edu');
INSERT INTO Pasazer VALUES 	('12043017752','Ella','Bass','+1 24 372 8308-0946','Azerbaijan','P.O. Box 423, 2031 Placerat. Ave','tincidunt.aliquam.arcu@lectuspede.ca');
INSERT INTO Pasazer VALUES 	('77012138838','Noel','Simmons','+1 17 108 6367-2980','Azerbaijan','Ap #812-727 Cubilia Rd.','Pellentesque.ut@molestiearcu.org');
INSERT INTO Pasazer VALUES 	('66021161522','Althea','Mcclain','+1 48 328 1398-9357','Mauritius','Ap #609-2858 Et, Rd.','orci@dolor.org');
INSERT INTO Pasazer VALUES 	('53031948001','Minerva','Brady','+1 61 215 9488-4273','Cocos (Keeling) Islands','6541 Metus. Av.','enim.nec@ac.org');
INSERT INTO Pasazer VALUES 	('50080838013','Cara','Saunders','+1 77 738 3594-1990','Saint Vincent and The Grenadines','Ap #732-4586 Sed Street','libero.Proin@velsapien.ca');


--ROZKLAD--
INSERT INTO Rozklad VALUES 	('Monday ','10:15','11:20','Warsaw','Berlin','WAW','BER');	
INSERT INTO Rozklad VALUES 	('Monday','18:30','19:25','Lviv','Gdynia','LWO','QYD');	
INSERT INTO Rozklad VALUES 	('Tuesday','09:35','11:05','Kiev','Warsaw','KBP','WAW');	
INSERT INTO Rozklad VALUES 	('Wednesday','8:30','11:00','Burgos','Berlin','RGS','BER');	
INSERT INTO Rozklad VALUES 	('Wednesday','14:15','15:55','Berlin','Lviv','BER','LWO');	
INSERT INTO Rozklad VALUES 	('Wednesday','10:20','11:40','Gdynia','Montauban','QYD','XMW');	
INSERT INTO Rozklad VALUES 	('Thursday','10:15','11:35','Kiev','Gdynia','KBP','QYD');	
INSERT INTO Rozklad VALUES 	('Thursday','15:30','16:20','Berlin','Warsaw','BER','WAW');	
INSERT INTO Rozklad VALUES 	('Friday','10:15','12:25','Andorra La Vella','Lviv','ALV','LWO');	
INSERT INTO Rozklad VALUES 	('Friday','16:30','17:20','Warsaw','Berlin','WAW','BER');	
INSERT INTO Rozklad VALUES 	('Friday','20:00','21:20','Kiev','Warsaw','KBP','WAW');	
INSERT INTO Rozklad VALUES 	('Saturday','09:15','10:40','Warsaw','Kiev','WAW','KBP');	
INSERT INTO Rozklad VALUES 	('Sunday','10:15','14:20','Warsaw','Lviv','WAW','LWO');	

--SAMOLOT--
INSERT INTO Samolot VALUES ('Boeing 737-800',189);
INSERT INTO Samolot VALUES ('Boeing 747-400',660);
INSERT INTO Samolot VALUES ('Airbus A320', 170);
INSERT INTO Samolot VALUES ('Boeing 787',290);
INSERT INTO Samolot VALUES ('Boeing 757',202);
INSERT INTO Samolot VALUES ('Boeing 777',212);
INSERT INTO Samolot VALUES ('Boeing 767',269);
INSERT INTO Samolot VALUES ('Embraer 175',76);



--REJS--
INSERT INTO Rejs VALUES (1,1,('05-10-2021'),('05-10-2021'));
INSERT INTO Rejs VALUES (2,3,('06-10-2021'),('06-10-2021'));
INSERT INTO Rejs VALUES (3,3,('01-10-2021'),('01-10-2021'));
INSERT INTO Rejs VALUES (4,4,('04-10-2021'),('04-10-2021'));
INSERT INTO Rejs VALUES (5,5,('03-10-2021'),('03-10-2021'));
INSERT INTO Rejs VALUES (6,7,('03-10-2021'),('03-10-2021'));
INSERT INTO Rejs VALUES (7,6,('01-10-2021'),('01-10-2021'));
INSERT INTO Rejs VALUES (8,1,('06-10-2021'),('06-10-2021'));
INSERT INTO Rejs VALUES (1,8,('02-10-2021'),('02-10-2021'));
INSERT INTO Rejs VALUES (7,3,('07-10-2021'),('07-10-2021'));
INSERT INTO Rejs VALUES (2,2,('07-10-2021'),('07-10-2021'));
INSERT INTO Rejs VALUES (1,8,('02-10-2021'),('02-10-2021'));
INSERT INTO Rejs VALUES (8,2,('05-10-2021'),('05-10-2021'));

--REZERWACJA--
INSERT INTO Rezerwacja VALUES 	('Zarezerwowano','87145208164',1,'A-33',49);
INSERT INTO Rezerwacja VALUES 	('Zarezerwowano','88089654348',2,'B-22',45);
INSERT INTO Rezerwacja VALUES 	('Zarezerwowano','87264859646',3,'C-32',124);
INSERT INTO Rezerwacja VALUES 	('Zarezerwowano','76350926578',4,'D-43',300);
INSERT INTO Rezerwacja VALUES 	('Anulowano','67509571650',5,'E-32',30);
INSERT INTO Rezerwacja VALUES 	('Zarezerwowano','97082257927',6,'F-55',453);
INSERT INTO Rezerwacja VALUES 	('Zarezerwowano','73092763891',7,'A-33',223);
INSERT INTO Rezerwacja VALUES 	('Zarezerwowano','98461241940',8,'B-54',431);
INSERT INTO Rezerwacja VALUES 	('Zarezerwowano','75395836198',9,'C-34',181);
INSERT INTO Rezerwacja VALUES 	('Zarezerwowano','31423196280',10,'D-54',105);
INSERT INTO Rezerwacja VALUES 	('Zarezerwowano','30422188551',11,'E-54',55);
INSERT INTO Rezerwacja VALUES 	('Zarezerwowano','44012151112',12,'A-66',50);
INSERT INTO Rezerwacja VALUES 	('Zarezerwowano','94102859789',13,'A-77',52);
INSERT INTO Rezerwacja VALUES 	('Zarezerwowano','31282990032',1,'B-44',32);
INSERT INTO Rezerwacja VALUES 	('Zarezerwowano','22706233128',2,'C-43',156);
INSERT INTO Rezerwacja VALUES 	('Zarezerwowano','83121848270',3,'D-1',500);
INSERT INTO Rezerwacja VALUES 	('Zarezerwowano','51052148361',4,'E-2',301);
INSERT INTO Rezerwacja VALUES 	('Zarezerwowano','36011993347',5,'F-3',204);
INSERT INTO Rezerwacja VALUES 	('Zarezerwowano','65092716387',6,'A-1',205);
INSERT INTO Rezerwacja VALUES 	('Zarezerwowano','17020118770',7,'B-1',203);
INSERT INTO Rezerwacja VALUES 	('Zarezerwowano','43011553666',8,'C-1',304);
INSERT INTO Rezerwacja VALUES 	('Zarezerwowano','24042593546',9,'D-3',443);
INSERT INTO Rezerwacja VALUES 	('Zarezerwowano','63020612240',10,'E-98',332);
INSERT INTO Rezerwacja VALUES 	('Zarezerwowano','50070476762',11,'F-68',123);
INSERT INTO Rezerwacja VALUES 	('Zarezerwowano','32213822278',12,'A-67',49);
INSERT INTO Rezerwacja VALUES 	('Zarezerwowano','72517568878',13,'B-56',45);
INSERT INTO Rezerwacja VALUES 	('Zarezerwowano','81010923255',1,'C-87',124);
INSERT INTO Rezerwacja VALUES 	('Zarezerwowano','50318049227',2,'D-5',300);
INSERT INTO Rezerwacja VALUES 	('Zarezerwowano','38091192878',3,'E-8',30);
INSERT INTO Rezerwacja VALUES 	('Zarezerwowano','47042201934',4,'F-7',453);
INSERT INTO Rezerwacja VALUES 	('Anulowano','50020267907',5,'A-67',223);
INSERT INTO Rezerwacja VALUES 	('Zarezerwowano','34051431632',6,'B-7',431);
INSERT INTO Rezerwacja VALUES 	('Zarezerwowano','59050341298',7,'C-98',181);
INSERT INTO Rezerwacja VALUES 	('Zarezerwowano','32529466508',8,'D-77',105);
INSERT INTO Rezerwacja VALUES 	('Zarezerwowano','62090286704',9,'E-3',55);
INSERT INTO Rezerwacja VALUES 	('Zarezerwowano','87031367115',10,'F-9',50);
INSERT INTO Rezerwacja VALUES 	('Zarezerwowano','97082023692',11,'A-6',52);
INSERT INTO Rezerwacja VALUES 	('Zarezerwowano','25071503960',12,'B-8',32);
INSERT INTO Rezerwacja VALUES 	('Zarezerwowano','68082433150',13,'B-7',156);
INSERT INTO Rezerwacja VALUES 	('Zarezerwowano','54120275749',1,'D-8',500);
INSERT INTO Rezerwacja VALUES 	('Zarezerwowano','20114611172',2,'E-8',301);
INSERT INTO Rezerwacja VALUES 	('Zarezerwowano','50040567887',3,'F-8',204);
INSERT INTO Rezerwacja VALUES 	('Zarezerwowano','87121828265',4,'A-17',205);
INSERT INTO Rezerwacja VALUES 	('Zarezerwowano','18080469190',5,'B-11',203);
INSERT INTO Rezerwacja VALUES 	('Zarezerwowano','47111745424',6,'C-11',304);
INSERT INTO Rezerwacja VALUES 	('Zarezerwowano','40061404522',7,'D-43',443);
INSERT INTO Rezerwacja VALUES 	('Zarezerwowano','10271773806',8,'E-33',332);
INSERT INTO Rezerwacja VALUES 	('Zarezerwowano','95021233690',9,'F-44',123);
INSERT INTO Rezerwacja VALUES 	('Zarezerwowano','25111037774',10,'A-34',205);
INSERT INTO Rezerwacja VALUES 	('Zarezerwowano','23080734573',11,'B-23',203);
INSERT INTO Rezerwacja VALUES 	('Zarezerwowano','81051390124',12,'C-66',304);
INSERT INTO Rezerwacja VALUES 	('Anulowano','64100553206',13,'D-87',443);
INSERT INTO Rezerwacja VALUES 	('Zarezerwowano','47042520428',1,'E-23',332);
INSERT INTO Rezerwacja VALUES 	('Zarezerwowano','19042696238',2,'F-34',123);
INSERT INTO Rezerwacja VALUES 	('Zarezerwowano','95062505598',3,'A-56',181);
INSERT INTO Rezerwacja VALUES 	('Zarezerwowano','11230498015',4,'B-6',105);
INSERT INTO Rezerwacja VALUES 	('Anulowano','88091140692',5,'C-78',55);
INSERT INTO Rezerwacja VALUES 	('Zarezerwowano','72073148916',6,'C-7',50);
INSERT INTO Rezerwacja VALUES 	('Zarezerwowano','23061360430',7,'E-6',52);
INSERT INTO Rezerwacja VALUES 	('Zarezerwowano','33020477471',8,'F-22',32);
INSERT INTO Rezerwacja VALUES 	('Zarezerwowano','40012585504',9,'A-37',156);
INSERT INTO Rezerwacja VALUES 	('Zarezerwowano','81042426605',10,'B-57',500);
INSERT INTO Rezerwacja VALUES 	('Zarezerwowano','13312631390',11,'C-51',301);
INSERT INTO Rezerwacja VALUES 	('Zarezerwowano','87042102378',12,'D-2',181);
INSERT INTO Rezerwacja VALUES 	('Zarezerwowano','96051556171',13,'E-4',105);
INSERT INTO Rezerwacja VALUES 	('Zarezerwowano','98123173185',1,'F-51',55);
INSERT INTO Rezerwacja VALUES 	('Zarezerwowano','84053019646',2,'A-12',50);
INSERT INTO Rezerwacja VALUES 	('Zarezerwowano','25091677117',3,'B-12',52);
INSERT INTO Rezerwacja VALUES 	('Zarezerwowano','16251045374',4,'C-12',32);
INSERT INTO Rezerwacja VALUES 	('Zarezerwowano','73010752889',5,'D-12',156);
INSERT INTO Rezerwacja VALUES 	('Zarezerwowano','12010702906',6,'E-4',500);
INSERT INTO Rezerwacja VALUES 	('Zarezerwowano','14011687345',7,'F-14',301);
INSERT INTO Rezerwacja VALUES 	('Zarezerwowano','29090275833',8,'A-14',181);
INSERT INTO Rezerwacja VALUES 	('Zarezerwowano','46323079497',9,'B-14',105);
INSERT INTO Rezerwacja VALUES 	('Zarezerwowano','57111337936',10,'C-26',55);
INSERT INTO Rezerwacja VALUES 	('Zarezerwowano','75062365518',11,'D-26',50);
INSERT INTO Rezerwacja VALUES 	('Zarezerwowano','50050779801',12,'D-26',52);
INSERT INTO Rezerwacja VALUES 	('Zarezerwowano','49101714960',13,'F-44',32);
INSERT INTO Rezerwacja VALUES 	('Zarezerwowano','12312203107',1,'A-32',156);
INSERT INTO Rezerwacja VALUES 	('Zarezerwowano','48071081652',2,'A-33',500);
INSERT INTO Rezerwacja VALUES 	('Zarezerwowano','57021528202',3,'C-33',301);
INSERT INTO Rezerwacja VALUES 	('Zarezerwowano','5220192634',4,'D-32',204);
INSERT INTO Rezerwacja VALUES 	('Zarezerwowano','32022549960',5,'E-31',205);
INSERT INTO Rezerwacja VALUES 	('Zarezerwowano','97092263712',6,'F-14',203);
INSERT INTO Rezerwacja VALUES 	('Zarezerwowano','84120432219',7,'A-32',304);
INSERT INTO Rezerwacja VALUES 	('Zarezerwowano','99062452195',8,'B-33',443);
INSERT INTO Rezerwacja VALUES 	('Zarezerwowano','84122659665',9,'C-21',332);
INSERT INTO Rezerwacja VALUES 	('Zarezerwowano','84060604163',10,'D-18',123);
INSERT INTO Rezerwacja VALUES 	('Anulowano','69100721211',11,'E-19',205);
INSERT INTO Rezerwacja VALUES 	('Zarezerwowano','13121155100',12,'F-19',203);
INSERT INTO Rezerwacja VALUES 	('Zarezerwowano','95012206491',13,'A-19',304);
INSERT INTO Rezerwacja VALUES 	('Zarezerwowano','82102754432',1,'B-19',443);
INSERT INTO Rezerwacja VALUES 	('Zarezerwowano','57011028329',2,'C-19',332);
INSERT INTO Rezerwacja VALUES 	('Zarezerwowano','58121059221',3,'D-20',123);
INSERT INTO Rezerwacja VALUES 	('Zarezerwowano','56090122667',4,'E-20',181);
INSERT INTO Rezerwacja VALUES 	('Zarezerwowano','12043017752',5,'F-20',105);
INSERT INTO Rezerwacja VALUES 	('Zarezerwowano','77012138838',6,'A-20',55);
INSERT INTO Rezerwacja VALUES 	('Zarezerwowano','66021161522',7,'B-20',50);
INSERT INTO Rezerwacja VALUES 	('Zarezerwowano','53031948001',8,'B-29',50);
INSERT INTO Rezerwacja VALUES 	('Zarezerwowano','50080838013',9,'D-66',41);
INSERT INTO Rezerwacja VALUES 	('Zarezerwowano','50080838013',10,'E-32',205);

